Wall time,Step,Value
1682910408.932017,375,0.49533936381340027
1682910873.6065426,750,0.4376164674758911
1682911340.6888168,1125,0.4124959111213684
1682911807.3719208,1500,0.3980478346347809
1682912274.4949872,1875,0.3867902457714081
1682912742.2880857,2250,0.3814685046672821
1682913215.8139622,2625,0.3719572126865387
1682913684.7490928,3000,0.36947065591812134
1682914152.8335993,3375,0.37361040711402893
1682914622.8339102,3750,0.3810863196849823
1682915091.5658503,4125,0.3774949610233307
1682915560.3157675,4500,0.3793126344680786
1682916029.6152039,4875,0.3875396251678467
1682916498.599426,5250,0.3832905888557434
1682916967.8909903,5625,0.4171954095363617
